user_id,user_number,User Name,contact_no,Started On,Expire On,Payment Date,Subscription Status,Plan,type,paid amount,Coupon,Library City,Total Orders
2db5495c-577d-4938-9738-4d24fe221c55,UR520165,Deepali Prabhu,9930367447,2026-10-02T16:28:04,2027-01-02T16:28:04,2026-09-30,ACTIVE,Play Plus,QUARTERLY,2807.0,FUNDEAL,Mumbai,3
fab02858-ad8b-4edc-a26b-df1d1f5bdb72,UR517255,lerin chawla,7874298308,2026-09-28T23:01:06,2026-12-28T23:01:06,2026-09-28,ACTIVE,Play Plus,QUARTERLY,3160.0,FUNDEAL,Others,3
f1eb973a-db4a-47c1-8cb6-a8c87d105d69,UR518875,Puli Indira Devi,9603140980,2026-09-28T12:28:10,2026-12-28T12:28:10,2026-09-28,ACTIVE,Play Plus,QUARTERLY,3160.0,FUNDEAL,Others,0
f446ef7d-60db-45f4-9726-f7e5eadcee3a,UR196518,Rutuja Pawar,9922800800,2026-10-01T17:34:51,2027-01-01T17:34:51,2026-09-27,ACTIVE,Play Plus,QUARTERLY,3160.0,FUNDEAL,Pune,8
f4e6644e-e8c3-470b-82ea-d56ea7cce9f6,UR187410,Lalasa Surabhi,9573865288,2026-09-26T17:45:29,2026-12-26T17:45:29,2026-09-23,ACTIVE,Play Plus,QUARTERLY,3160.0,FUNDEAL,Others,3
09f304e1-8d14-4ac1-86bd-deaf8fc8617a,UR383450,Jinal Nandu,9833177702,2026-09-27T15:48:17,2027-09-27T15:48:17,2026-09-21,ACTIVE,Play Plus,ANNUALLY,9667.0,TOYJOY40,Mumbai,3
3b2a547c-8106-4445-9a6f-c47245c73835,UR210020,Mukta Athavale,9175000876,2026-09-28T13:04:38,2027-09-28T13:04:38,2026-09-21,ACTIVE,Play Plus,ANNUALLY,8146.0,GANESHA,Mumbai,3
1d60b4bd-4d60-4378-ab52-f73453626c57,UR499750,Rumana ,9019573003,2026-09-26T17:19:47,2026-12-26T17:19:47,2026-09-20,ACTIVE,Play Plus,QUARTERLY,3160.0,FUNDEAL,Bengaluru,6
99ceadcd-f916-42f8-bde2-dfa0b6180b88,UR151759,Vaishakhi Goti,9664352981,2026-09-19T18:15:09,2027-09-19T18:15:09,2026-09-19,ACTIVE,Play Plus,ANNUALLY,7000.0,,Others,16
15edbec9-e3cc-4437-aa4d-e668bb63b3fa,UR487004,sai sowmya kasula,9168061724,2026-09-19T15:44:58,2026-12-19T15:44:58,2026-09-18,ACTIVE,Play Plus,QUARTERLY,3160.0,,Bengaluru,9
65ff927b-9117-4d72-b573-adb2c9c44228,UR50358,Mrinmayee Marathe,9920480616,2026-09-19T16:17:51,2026-12-19T16:17:51,2026-09-18,ACTIVE,Play Plus,QUARTERLY,3160.0,FUNDEAL,Bengaluru,4
33e75c73-28f0-4b35-a7e5-a4ccbd7db230,UR281244,viraj rawat,8390982584,2026-09-18T15:17:10,2026-12-18T15:17:10,2026-09-18,ACTIVE,Play Plus,QUARTERLY,3160.0,FUNDEAL,Delhi NCR,9
a7979625-b68a-47fe-8779-11fe398ce0cd,UR492525,shweta jimish shah,9428640163,2026-09-20T15:30:48,2026-12-20T15:30:48,2026-09-16,ACTIVE,Play Plus,QUARTERLY,3000.0,,Ahmedabad,6
289ccd09-e4cd-46ab-b267-9475e8b11c77,UR490230,Prachi Shah,7801920502,2026-09-21T11:30:31,2026-12-21T11:30:31,2026-09-16,ACTIVE,Play Plus,QUARTERLY,3160.0,FUNDEAL,Others,3
8fb791cb-40a9-442f-a48b-81a61474c1f2,UR505564,Eesha Berry,9818448296,2026-09-17T15:19:52,2026-12-17T15:19:52,2026-09-16,ACTIVE,Play Plus,QUARTERLY,3160.0,FUNDEAL,Delhi NCR,4
62e91dbb-e541-4f1a-8c44-ea32b29b5b01,UR499599,Falgun Barot,9773903640,2026-09-17T09:27:31,2026-12-17T09:27:31,2026-09-14,ACTIVE,Play Plus,QUARTERLY,3160.0,FUNDEAL,Bengaluru,5
367dd985-1352-4c49-be54-2b56e8a688a0,UR471928,Rohit Chuchra,9870476444,2026-09-14T11:54:39,2026-12-14T11:54:39,2026-09-12,ACTIVE,Play Plus,QUARTERLY,3160.0,FUNDEAL,Delhi NCR,6
4f587528-57d4-4947-811c-9a332f3834e9,UR497251,neha sharma,8527040628,2026-09-16T16:35:26,2026-12-16T16:35:26,2026-09-12,ACTIVE,Play Plus,QUARTERLY,3160.0,FUNDEAL,Delhi NCR,6
132a1a33-bafc-4b31-877f-642fb7a80068,UR411661,Shivika Berry,8800419014,2026-09-13T13:06:50,2027-09-13T13:06:50,2026-09-12,ACTIVE,Play Plus,ANNUALLY,8500.0,,Delhi NCR,3
1e2c3a7a-5b45-4ba2-a7a9-d14149ae49d4,UR496254,Simple jain,9461618167,2026-09-14T19:49:23,2027-09-14T19:49:23,2026-09-12,ACTIVE,Play Plus,ANNUALLY,8000.0,SRMAX8K,Others,3
54210796-267e-455c-8b6c-3cc940b00e5a,UR494007,Piyush ,8510080530,2026-09-13T22:31:08,2026-12-13T22:31:08,2026-09-10,ACTIVE,Play Plus,QUARTERLY,3160.0,FUNDEAL,Delhi NCR,6
a9f8263f-e9cb-462f-ac2a-d67ec39054c0,UR473102,Mayuri Kale,8879070340,2026-09-16T15:44:10,2027-01-07T23:59:59.999,2026-09-08,ACTIVE,Play Plus,QUARTERLY,3148.0,,Mumbai,5
a0784c98-a101-440b-b2c9-933c88563c3e,UR245314,swati sharma,9601652749,2026-09-09T15:20:15,2026-12-09T15:20:15,2026-09-07,ACTIVE,Play Plus,QUARTERLY,3160.0,FUNDEAL,Ahmedabad,15
8a1cfe64-a6b6-42ed-9d75-bb7fe9789fdc,UR457830,priyanka sharma,9940362320,2026-09-09T14:01:38,2026-12-09T14:01:38,2026-09-07,ACTIVE,Play Plus,QUARTERLY,3160.0,FUNDEAL,Bengaluru,6
1d33ec07-1248-4f5f-bfd9-3c8b232cef62,UR221707,Rajvee Mehta,9924220065,2026-09-10T15:49:30,2026-12-10T15:49:30,2026-09-07,ACTIVE,Play Plus,QUARTERLY,3160.0,FUNDEAL,Mumbai,3
7dae1434-d306-4683-9769-6e9f3e13d939,UR109243,Suhani Hundia,9820545130,2026-09-11T14:46:37,2026-12-11T14:46:37,2026-09-06,ACTIVE,Play Plus,QUARTERLY,3160.0,FUNDEAL,Mumbai,5
66f578c0-cc9c-466c-8bbf-f6d236ce00cc,UR487504,Gomati Ramakrishnan,9716858981,2026-09-23T18:32:42,2026-12-23T18:32:42,2026-09-06,ACTIVE,Play Plus,QUARTERLY,3160.0,FUNDEAL,Mumbai,3
a7f531c6-305d-4625-b9dd-5ad5df3a2971,UR143317,Akus English school,8766415615,2026-09-22T15:33:17,2027-09-22T15:33:17,2026-09-05,ACTIVE,Play Plus,ANNUALLY,11988.0,,Mumbai,97
349c26c8-e849-4c89-897f-d12f24795670,UR227061,Anushri Shah,9426650416,2026-09-06T18:39:53,2026-12-06T18:39:53,2026-09-04,ACTIVE,Play Plus,QUARTERLY,3160.0,FUNDEAL,Ahmedabad,13
c8f33d6d-5603-4377-87c8-6ead508b7835,UR78016,zarana shah,7984947096,2026-09-10T18:12:41,2027-09-10T18:12:41,2026-09-04,ACTIVE,Play Plus,ANNUALLY,7000.0,,Ahmedabad,28
5c71c034-d452-40f4-863c-ede16d0cc887,UR471539,Archana ,9962432767,2026-09-05T15:49:31,2026-12-05T15:49:31,2026-09-03,ACTIVE,Play Plus,QUARTERLY,2807.0,FUNDEAL,Others,6
49c09a3b-c71a-4543-a9a7-2ff0f64820ee,UR482397,nitisha navral,7357467311,2026-09-02T08:19:17,2026-12-02T08:19:17,2026-09-02,ACTIVE,Play Plus,QUARTERLY,3160.0,FUNDEAL,Others,0
0675cce7-d5ed-42b8-aaa0-7e66c2c6d158,UR481343,Mrugesh Dabhi,9998185123,2026-09-03T11:35:57,2026-12-03T11:35:57,2026-09-01,ACTIVE,Play Plus,QUARTERLY,3160.0,FUNDEAL,Ahmedabad,3
745024ba-c34b-47ed-b569-740aed5d35fa,UR230762,meghal mehta,9998584455,2026-09-04T15:05:07,2026-12-04T15:05:07,2026-09-01,ACTIVE,Play Plus,QUARTERLY,3160.0,FUNDEAL,Mumbai,3
0e0fa4db-5094-4ed0-bc99-fa42e4c48816,UR474715,rhiya jaggi,7000889383,2026-09-01T19:18:57,2026-12-01T19:18:57,2026-08-30,ACTIVE,Play Plus,QUARTERLY,3160.0,FUNDEAL,Mumbai,2
41a1bd9e-eb84-4836-a3f9-62ac7febbcf8,UR232006,saurabh ,9819914561,2026-08-26T11:10:59,2026-11-26T11:10:59,2026-08-25,ACTIVE,Play Plus,QUARTERLY,3160.0,FUNDEAL,Bengaluru,16
0eb24c9d-1571-4e76-a7ac-ddcede1a7171,UR352030,Parul Chaudhary,8630897711,2026-09-01T17:02:06,2026-12-01T17:02:06,2026-08-24,ACTIVE,Play Plus,QUARTERLY,2900.0,,Others,9
85af4a20-d592-4df2-bad4-d7639339c435,UR292221,tazeen khan,9686193244,2026-09-03T15:46:31,2026-12-03T15:46:31,2026-08-24,ACTIVE,Play Plus,QUARTERLY,3160.0,FUNDEAL,Bengaluru,19
c6c867e5-5eb2-41e2-87a8-165ca029d435,UR341725,pooja gullapalli,9326508848,2026-08-25T16:14:24,2026-11-25T16:14:24,2026-08-22,ACTIVE,Play Plus,QUARTERLY,3160.0,FUNDEAL,Others,9
eed1b3a2-8b9b-4732-ac32-3ccc97360d50,UR270937,Radhika Sumit Pardeshi,8879647699,2026-08-25T18:17:08,2026-11-25T18:17:08,2026-08-22,ACTIVE,Play Plus,QUARTERLY,3000.0,,Mumbai,8
fee2d70e-0bd8-4b77-b899-2d37672d75b7,UR444057,Dibya Ranjan Rath,7008973199,2026-08-25T16:06:12,2026-11-25T16:06:12,2026-08-22,ACTIVE,Play Plus,QUARTERLY,2807.0,FUNDEAL,Others,14
69c7c7e0-cc8b-483d-b06b-f460674f5ad3,UR329282,CHARMI SHAH,9820625952,2026-08-24T16:34:32,2027-08-24T16:34:32,2026-08-21,ACTIVE,Play Plus,ANNUALLY,6300.0,,Mumbai,5
e4837a85-26e6-48d1-a530-3d022f34e871,UR136853,Pramiti Pareek,9950624558,2026-09-09T15:49:44,2027-09-09T15:49:44,2026-08-21,ACTIVE,Play Plus,ANNUALLY,5000.0,,Others,17
6777ee2b-13b2-4ecd-8de5-2bb182eb80b6,UR58406,Renuka Sarkar,9599976989,2026-08-24T12:36:04,2026-11-24T12:36:04,2026-08-20,ACTIVE,Play Plus,QUARTERLY,3160.0,FUNDEAL,Bengaluru,3
a7da49db-dad3-4425-a15c-3a6185f25c4f,UR435109,Mili Hirpara,9987370667,2026-08-21T14:51:01,2027-08-21T14:51:01,2026-08-18,ACTIVE,Play Plus,ANNUALLY,5500.0,,Ahmedabad,4
5c1bf5dc-89b0-492c-bdd2-205fe0cc0768,UR428681,Vrushali Sanjay kolse,7218844905,2026-08-19T10:02:53,2026-11-19T10:02:53,2026-08-16,ACTIVE,Play Plus,QUARTERLY,3160.0,FUNDEAL,Pune,9
becbf8da-2b45-42c0-8651-37fa4544ee6d,UR8858,Sangu Srujana,9000577710,2026-08-21T13:37:22,2027-08-21T13:37:22,2026-08-16,ACTIVE,Play Plus,ANNUALLY,7000.0,,Others,16
0ab7bb1f-1734-4a53-a6e9-ad3eeb9c3da3,UR451841,Saurabh Kothawade,9209816935,2026-08-21T18:35:07,2027-08-21T18:35:07,2026-08-16,ACTIVE,Play Plus,ANNUALLY,9325.0,SAVEBIG,Bengaluru,12
4f460b62-e456-468c-b773-52413ea1c5c9,UR106897,Trinayana sharma,9663848990,2026-08-18T12:03:12,2026-11-18T12:03:12,2026-08-15,ACTIVE,Play Plus,QUARTERLY,3160.0,FUNDEAL,Delhi NCR,19
34f50cf2-a3a5-4584-aa48-e1a900b2fe0f,UR402408,neelam verma,9616638501,2026-08-16T15:29:25,2026-11-16T15:29:25,2026-08-15,ACTIVE,Play Plus,QUARTERLY,3160.0,FUNDEAL,Mumbai,9
91dd40f3-fd50-41c3-85c3-33243f3b81d9,UR451049,rachna p,9822174917,2026-08-16T21:22:26,2026-11-16T21:22:26,2026-08-15,ACTIVE,Play Plus,QUARTERLY,3160.0,FUNDEAL,Pune,6
4a530cb0-f554-4e71-b4b2-32aa80a35c06,UR18009,Divya Chandak,9930818611,2026-08-20T22:38:44,2027-09-04T23:59:59.999,2026-08-14,ACTIVE,Play Plus,ANNUALLY,7000.0,,Mumbai,30
3a7cf2de-7467-431c-ad62-f1d414b21052,UR449174,Nandini Aggarwal AGGARWAL,9773607133,2026-08-17T23:45:25,2026-11-17T23:45:25,2026-08-14,ACTIVE,Play Plus,QUARTERLY,3160.0,FUNDEAL,Others,13
21ba9ee4-35c0-4842-8302-743822749e0b,UR20167,deepika singh,8197576324,2026-08-18T20:01:26,2027-08-18T20:01:26,2026-08-12,ACTIVE,Play Plus,ANNUALLY,7000.0,,Others,27
fb2b14b0-e3d3-4744-b54c-8554b914b8f4,UR444140,Archana ,9604272813,2026-08-12T21:46:04,2026-11-12T21:46:04,2026-08-11,ACTIVE,Play Plus,QUARTERLY,2800.0,HTQQPLUS2800,Pune,9
37f847c8-947d-491e-96c3-dee33292b9e5,UR442462,Anupriya Aggarwal,9958109397,2026-08-14T21:03:56,2026-11-14T21:03:56,2026-08-10,ACTIVE,Play Plus,QUARTERLY,3160.0,FUNDEAL,Bengaluru,11
eebd672d-91c5-4b84-a68e-e4544e2bab4c,UR429000,Nand Karath,9867463240,2026-08-13T12:07:56,2026-11-13T12:07:56,2026-08-09,ACTIVE,Play Plus,QUARTERLY,3000.0,,Mumbai,10
5e5cea07-44fc-4959-af54-04d2f2023c43,UR441318,Sarang Tapas,9860042307,2026-08-13T21:58:08,2026-11-13T21:58:08,2026-08-09,ACTIVE,Play Plus,QUARTERLY,3160.0,FUNDEAL,Others,4
2a8be737-6a79-41cb-b14b-468e91c47d3e,UR439539,richa Mehta,9805056957,2026-08-10T17:03:25,2026-11-10T17:03:25,2026-08-08,ACTIVE,Play Plus,QUARTERLY,3160.0,FUNDEAL,Ahmedabad,14
76fdcf09-dc0b-400d-be86-1792585ca2a7,UR426446,Binal Drvani,7228809997,2026-08-08T11:01:01,2026-11-08T11:01:01,2026-08-07,ACTIVE,Play Plus,QUARTERLY,3160.0,FUNDEAL,Ahmedabad,10
9d3453ad-e9cb-4f43-ab21-1f2d09161265,UR434423,Amol Ashok Gaymukhe,9730134501,2026-08-08T15:00:08,2027-08-08T15:00:08,2026-08-06,ACTIVE,Play Plus,ANNUALLY,8000.0,,Others,9
31e1b20e-ebeb-43d8-9590-321bc371ea66,UR415876,maitri bouddh,9981807811,2026-08-06T16:30:41,2026-11-06T16:30:41,2026-08-04,ACTIVE,Play Plus,QUARTERLY,2807.0,FUNDEAL,Others,14
2a78b353-4a0f-49f1-a4d0-7f1be4474968,UR431525,aakanksha Singh,8940734525,2026-08-07T18:31:54,2026-11-07T18:31:54,2026-08-04,ACTIVE,Play Plus,QUARTERLY,3160.0,FUNDEAL,Others,3
51091170-85b2-4659-a497-d28c20b62553,UR430779,Binal Patel,9601467689,2026-08-05T14:07:29,2027-08-05T14:07:29,2026-08-03,ACTIVE,Play Plus,ANNUALLY,8278.15,,Ahmedabad,12
5b5da837-bf5f-4cda-bf37-b4deeddc4fc1,UR427535,Sumit kumar saini,9717399769,2026-08-08T01:12:23,2027-08-08T01:12:23,2026-08-03,ACTIVE,Play Plus,ANNUALLY,8500.0,,Delhi NCR,12
b8428e3c-dc35-4f3b-832e-d0cf62eb0af9,UR424928,pratik bhosale,7224822132,2026-08-08T22:51:02,2026-11-08T22:51:02,2026-08-03,ACTIVE,Play Plus,QUARTERLY,3160.0,FUNDEAL,Pune,13
e465f234-5d2e-40b3-bead-4b35a9d91cbe,UR427094,satish bagdure,7499353799,2026-08-07T16:21:21,2026-11-07T16:21:21,2026-08-01,ACTIVE,Play Plus,QUARTERLY,3160.0,FUNDEAL,Others,3
9a342b8e-288c-4ef0-b401-04f9121cf847,UR393816,rikita patel,9426352758,2026-08-02T16:38:56,2026-11-02T16:38:56,2026-08-01,ACTIVE,Play Plus,QUARTERLY,3160.0,FUNDEAL,Ahmedabad,12
061bc84d-2685-4c93-bfad-cdc4f8e14e31,UR419653,Priyanka Ramteke,7350586798,2026-08-03T19:46:41,2026-11-03T19:46:41,2026-07-31,ACTIVE,Play Plus,QUARTERLY,3160.0,FUNDEAL,Mumbai,3
08f83031-32ee-4060-9952-526c22f5d173,UR284780,Vineet Budhiraja,8884135544,2026-07-29T12:47:14,2026-11-13T23:59:59.999,2026-07-28,ACTIVE,Play Plus,QUARTERLY,2800.0,,Delhi NCR,21
fef2a479-8ac6-41ff-a7c9-ac2a776b090d,UR234560,Jyothi Chennuri,8106889786,2026-08-01T14:18:47,2027-08-01T14:18:47,2026-07-28,ACTIVE,Play Plus,ANNUALLY,7000.0,,Others,10
4386d4d7-9789-49d4-87d2-9a45761bd106,UR248979,Umme Laila Chirag,9768587635,2026-08-01T16:34:17,2026-11-11T23:59:59.999,2026-07-26,ACTIVE,Play Plus,QUARTERLY,3160.0,FUNDEAL,Mumbai,9
6d0a959b-3fa2-4c8d-b205-a34c16b8b82a,UR406212,shrimay joshi,7262070884,2026-07-27T16:15:31,2026-10-27T16:15:31,2026-07-25,ACTIVE,Play Plus,QUARTERLY,3160.0,FUNDEAL,Pune,12
3b5a705c-5169-4f67-abd9-3a4d15698767,UR407964,Nakul Vakil,9998053476,2026-07-27T17:46:55,2026-10-27T17:46:55,2026-07-25,ACTIVE,Play Plus,QUARTERLY,2700.0,,Ahmedabad,8
f29b84dc-b1bc-4545-ba2f-e37d505bf7f5,UR408765,nikita paranjape,9820808944,2026-07-29T12:39:22,2026-10-29T12:39:22,2026-07-25,ACTIVE,Play Plus,QUARTERLY,3160.0,FUNDEAL,Mumbai,8
5da3870e-9f6b-41cc-922b-a46add43152f,UR219986,Miten Motisariya,9998650030,2026-07-24T19:00:02,2026-10-24T19:00:02,2026-07-24,ACTIVE,Play Plus,QUARTERLY,2653.0,DISCOUNT50,Others,0
c84e8d23-d0e8-4aaa-8896-bc6540cc59fc,UR352682,Rakesh Patel,9624907494,2026-09-23T20:54:43,2026-12-23T20:54:43,2026-07-24,ACTIVE,Play Plus,QUARTERLY,2653.0,DISCOUNT50,Mumbai,1
970ed634-35e0-4f5c-af39-f0e06eb8577d,UR52304,Vrushali Nadar,8433799140,2026-07-27T19:27:24,2027-07-27T19:27:24,2026-07-24,ACTIVE,Play Plus,ANNUALLY,7000.0,,Mumbai,68
4756a17d-5967-40d2-9d4a-2aad08942462,UR131120,Monica Majoka,9549063431,2026-07-24T14:27:00,2026-10-24T14:27:00,2026-07-24,ACTIVE,Play Plus,QUARTERLY,3160.0,FUNDEAL,Others,28
3d232a77-d88e-4512-aba2-7e37adb0cbf4,UR406683,Rekha Singh,7208734614,2026-08-06T23:28:49,2026-11-06T23:28:49,2026-07-23,ACTIVE,Play Plus,QUARTERLY,2807.0,FUNDEAL,Mumbai,7
19e2a2d4-8fe9-4824-a991-5d34821531ab,UR93091,Amita  ,9427678168,2026-07-29T14:16:49,2027-07-29T14:16:49,2026-07-22,ACTIVE,Play Plus,ANNUALLY,7000.0,,Others,15
92c8376c-e559-43e9-b681-ca8482eb4a3b,UR137848,priyanka jatakia,9904031341,2026-07-21T13:38:26,2026-10-21T13:38:26,2026-07-20,ACTIVE,Play Plus,QUARTERLY,3160.0,FUNDEAL,Ahmedabad,13
b8b8d92a-776e-40bc-8b65-95e3c35f4df9,UR397662,Akshey Bhanot,9818999821,2026-07-21T08:57:38,2026-10-21T08:57:38,2026-07-18,ACTIVE,Play Plus,QUARTERLY,3160.0,FUNDEAL,Delhi NCR,11
21939f49-68b8-4fe4-b711-b1179101b02d,UR268719,pratiksha khorjuvekar,7506865492,2026-07-25T12:14:27,2026-10-25T12:14:27,2026-07-18,ACTIVE,Play Plus,QUARTERLY,3160.0,FUNDEAL,Mumbai,6
926d3522-23b9-481a-a60f-5c9800f9041c,UR397244,Rakesh Madurwar,9579925259,2026-07-26T18:27:18,2026-10-26T18:27:18,2026-07-17,ACTIVE,Play Plus,QUARTERLY,3160.0,FUNDEAL,Pune,11
0229193a-a658-4045-99b2-4ce8301b8a50,UR293418,Ashish More,9920336707,2026-07-20T19:24:38,2026-10-28T00:54:00,2026-07-17,ACTIVE,Play Plus,QUARTERLY,3160.0,FUNDEAL,Mumbai,3
2ab20b75-e16c-42e7-8f7d-5301ca5fe5d0,UR20831,Geetika Mehta,9730699045,2026-07-21T16:17:54,2027-07-21T16:17:54,2026-07-15,ACTIVE,Play Plus,ANNUALLY,8199.0,,Ahmedabad,29
e2a4d420-2f47-43c8-b7cd-07844f7dc13b,UR198645,Ankita Verma,9926677623,2026-07-17T13:07:07,2026-10-17T13:07:07,2026-07-15,ACTIVE,Play Plus,QUARTERLY,3160.0,FUNDEAL,Pune,6
541657e2-e783-4e9d-a83a-7599cc5857f8,UR368470,Nidhi Sharma,8454088989,2026-07-22T18:20:38,2026-10-22T18:20:38,2026-07-14,ACTIVE,Play Plus,QUARTERLY,3000.0,PLUS3K,Mumbai,9
8a089a7c-32a8-4730-b589-0705ccd820d3,UR392481,Gaurav Jain,7623850113,2026-07-13T12:38:57,2026-10-13T12:38:57,2026-07-13,ACTIVE,Play Plus,QUARTERLY,3160.0,FUNDEAL,Others,27
d1bfd723-98d5-4097-9d60-b1e243c414e8,UR352962,prashant joshi,9561018552,2026-07-19T11:44:19,2026-10-19T11:44:19,2026-07-10,ACTIVE,Play Plus,QUARTERLY,3160.0,FUNDEAL,Pune,9
21f65e27-2078-4c37-b873-9daa9d3cf11f,UR231259,Ashiti jain,7982760743,2026-07-24T12:58:39,2026-10-24T12:58:39,2026-07-09,ACTIVE,Play Plus,QUARTERLY,3000.0,,Others,5
8bceb9e5-78c1-4501-909d-c3b4be638006,UR387157,umesh gokhale,9822920482,2026-07-11T18:36:46,2026-10-11T18:36:46,2026-07-09,ACTIVE,Play Plus,QUARTERLY,3160.0,FUNDEAL,Others,9
f2d94fed-8d2f-4390-aed7-6f3c5b09f146,UR363425,Kaksha Solanki,7046455608,2026-07-11T19:03:52,2026-10-11T19:03:52,2026-07-08,ACTIVE,Play Plus,QUARTERLY,2800.0,,Others,2
b0698896-a02e-45a9-8d1b-d598430c695f,UR377338,Kiyara Rathod,9940439336,2026-07-08T14:06:39,2027-09-08T23:59:59.999,2026-07-05,ACTIVE,Play Plus,ANNUALLY,9000.0,,Mumbai,8
bd07f284-841b-4657-aaa9-cce6c8f69827,UR381771,,9199404393,2026-07-05T21:30:32,2027-07-05T21:30:32,2026-07-05,ACTIVE,Play Plus,ANNUALLY,9000.0,,Others,0
d5b188a5-bc4a-45a8-a7b5-3580fd169083,UR330982,Priyanka Mande,8793665663,2026-07-09T16:51:14,2027-07-09T16:51:14,2026-07-04,ACTIVE,Play Plus,ANNUALLY,10000.0,AKAPLUS10K,Pune,25
4211a287-d327-4192-9f85-1b9b1f188e40,UR86813,vidhi parikh,9987675469,2026-07-07T12:45:49,2026-10-07T12:45:49,2026-07-04,ACTIVE,Play Plus,QUARTERLY,3160.0,FUNDEAL,Mumbai,9
3bbb4c60-8ed5-471a-8957-2de90ef45fed,UR376958,Madhvi Patel,7698529250,2026-07-03T20:12:13,2026-10-03T20:12:13,2026-07-03,ACTIVE,Play Plus,QUARTERLY,3160.0,FUNDEAL,Others,9
0e490cf2-40c3-460c-bff1-d30c1d684892,UR363453,prakhar jain,8087711155,2026-07-01T21:44:10,2026-10-16T21:44:00,2026-07-01,ACTIVE,Play Plus,QUARTERLY,3160.0,FUNDEAL,Mumbai,6
dabb8fe4-6435-47cf-ba8e-11a07b50e951,UR367729,Nishanth  ,9886904032,2026-06-30T16:11:27.021,2027-06-30T16:11:27,2026-06-30,ACTIVE,Play Plus,ANNUALLY,8000.0,,Bengaluru,7
95b7427f-9244-42f5-8ac5-f0f599e96b3c,UR367201,Mayur Dahake,9676740444,2026-06-28T12:32:17.927,2027-06-28T12:32:17,2026-06-28,ACTIVE,Play Plus,ANNUALLY,8000.0,,Pune,10
133ccdae-6279-4d6f-bcfd-e62268fc011b,UR222786,Ruchi Maru,9022548310,2026-06-27T11:54:29,2026-10-12T11:54:00,2026-06-27,ACTIVE,Play Plus,QUARTERLY,3160.0,FUNDEAL,Mumbai,10
58469c17-53f5-428b-8587-2654d6093627,UR102896,Mishika sharma,9001091234,2026-06-25T14:27:20.742,2027-06-25T14:27:20,2026-06-25,ACTIVE,Play Plus,ANNUALLY,7000.0,,Bengaluru,13
d18736ad-c891-47b8-bdf8-e3129e30b186,UR79155,Vagisha Sultania,8565944229,2026-06-22T20:02:41.527,2027-06-22T20:02:41,2026-06-22,ACTIVE,Play Plus,ANNUALLY,8000.0,,Others,15
b941b408-920b-4097-a22c-200929bee4f2,UR123050,monalisa kanungo,7767906751,2026-06-16T18:48:12.54,2027-06-16T18:48:12,2026-06-16,ACTIVE,Play Plus,ANNUALLY,8000.0,,Pune,42
d6508509-2341-41e6-9711-79c59d28eaf8,UR37272,Aditya Jaju,8130305175,2026-06-15T18:41:13.289,2027-06-15T18:41:13,2026-06-15,ACTIVE,Play Plus,ANNUALLY,7000.0,,Mumbai,37
9210e3fb-2395-440e-a461-c330a0a792e5,UR209154,shreya sadekar,8087147601,2026-07-23T11:37:18,2026-10-23T11:37:18,2026-06-11,ACTIVE,Play Plus,QUARTERLY,3000.0,,Pune,13
25df1903-d859-421d-9e7a-313f2cb07ece,UR336642,Deep Dehadray,9890825708,2026-06-07T18:53:52,2027-06-07T18:53:52,2026-06-07,ACTIVE,Play Plus,ANNUALLY,8245.0,TOYJOY,Pune,6
089f3c3f-5e4d-4afb-8bab-bd8e554f03a9,UR98630,Amit Yadav,7290016518,2026-06-06T23:53:18.599,2027-06-06T23:53:18,2026-06-06,ACTIVE,Play Plus,ANNUALLY,7000.0,,Ahmedabad,20
297f7c50-3252-4c60-a93a-d07a2fe89b25,UR115805,Vikrant Gulhane,9975553996,2026-06-03T16:27:51.23,2027-06-03T16:27:51,2026-06-03,ACTIVE,Play Plus,ANNUALLY,7000.0,,Bengaluru,33
c8d9ba23-9fc2-479d-b284-8de30be8447a,UR92494,Reshma gilitwala,9909785842,2026-05-30T21:01:24.957,2027-05-30T21:01:24,2026-05-30,ACTIVE,Play Plus,ANNUALLY,7000.0,,Others,22
6dd5b89c-1c40-41ed-9f75-b21a12986cca,UR34524,Dhvani poojan Shankhalpuri,9512756967,2026-05-30T15:05:54.965,2027-06-10T23:59:59.999,2026-05-30,ACTIVE,Play Plus,ANNUALLY,7000.0,,Ahmedabad,59
20b4f891-a303-40e7-985a-bb863f3d8f45,UR28872,Darpan Shah,7738199155,2026-05-30T11:36:22.485,2027-05-30T11:36:22,2026-05-30,ACTIVE,Play Plus,ANNUALLY,7000.0,,Mumbai,26
47468120-f810-46ae-b930-c7acea19511c,UR57836,dhara mehta,9408523656,2026-05-29T23:45:39.187,2027-05-29T23:45:39,2026-05-29,ACTIVE,Play Plus,ANNUALLY,7000.0,,Ahmedabad,40
3cca94f8-88c2-4863-acc9-c1f2dc343850,UR111441,Tejas Chandarana,8097110619,2026-05-27T16:08:57.041,2027-06-11T16:08:00,2026-05-27,ACTIVE,Play Plus,ANNUALLY,7000.0,,Mumbai,47
75ed3b3b-b9ce-47c0-847d-8bc165326f63,UR311464,Saanvi Chawla,9958566688,2026-05-26T18:30:50,2027-05-26T18:30:50,2026-05-26,ACTIVE,Play Plus,ANNUALLY,8245.0,TOYJOY,Others,24
e34b04ff-9baa-4fe4-8cb0-9a7383f4f3f7,UR58445,Khushboo Shah,9029345157,2026-05-26T15:09:26.368,2027-06-10T15:09:00,2026-05-26,ACTIVE,Play Plus,ANNUALLY,8500.0,,Mumbai,86
74d2ef9a-5822-4bc9-ae14-3972d1a06b0a,UR309212,harika karthik,9164204066,2026-05-25T10:11:32.708,2027-05-25T10:11:32,2026-05-25,ACTIVE,Play Plus,ANNUALLY,8000.0,,Others,23
190360f1-15fe-4921-86af-3912ab2875a6,UR58986,Harshil Thakkar,9374070666,2026-05-22T19:33:36.208,2027-05-22T19:33:36,2026-05-22,ACTIVE,Play Plus,ANNUALLY,7000.0,,Ahmedabad,56
7d50281a-0c67-4388-b78d-d2a65ee36221,UR87389,Saloni Shah,9152589626,2026-05-22T18:40:16.121,2027-05-22T18:40:16,2026-05-22,ACTIVE,Play Plus,ANNUALLY,8000.0,,Bengaluru,47
8e0f6f9c-538c-4325-a12c-adfbe6878e1c,UR39456,shilpa ashok,9900216819,2026-05-20T14:23:36.415,2027-05-20T14:23:36,2026-05-20,ACTIVE,Play Plus,ANNUALLY,8000.0,,Bengaluru,6
dee96976-2fc8-4f87-8173-783ef8a067fd,UR289358,,7887977995,2026-05-16T12:55:51.23,2027-05-16T12:55:51,2026-05-16,ACTIVE,Play Plus,ANNUALLY,11988.0,,Others,2
f7d9aa33-58db-4ee5-9f1d-e4ede03c9e57,UR275480,hardika gharia,9925470704,2026-05-10T09:59:24,2027-05-10T09:59:24,2026-05-10,ACTIVE,Play Plus,ANNUALLY,10764.13,NEW25,Others,11
8f32ee43-68c9-4f70-9eb4-e548a86a5843,UR58190,Pratik More,7259571999,2026-04-28T18:35:28.602,2027-04-28T18:35:28,2026-04-28,ACTIVE,Play Plus,ANNUALLY,8000.0,,Others,13
8f0d6812-51e9-45f8-a464-492a7e1c9143,UR240802,aarushi bansal bansal,8529239589,2026-04-28T09:29:11,2027-04-28T09:29:11,2026-04-28,ACTIVE,Play Plus,ANNUALLY,11789.0,SHARKTANK,Delhi NCR,0
692ebddb-c974-41c2-81c1-d4512359ed1b,UR77624,,9845446190,2026-04-21T17:14:40.592,2027-04-21T17:14:40,2026-04-21,ACTIVE,Play Plus,ANNUALLY,8000.0,,Bengaluru,0
093ed705-1379-43a2-99fb-5295099ffa45,UR223662,,9913992344,2026-04-13T11:45:43.493,2027-04-13T11:45:43,2026-04-13,ACTIVE,Play Plus,ANNUALLY,11800.0,,Others,0
827cd865-8da7-4931-ab40-2eda765300ed,UR203072,carol Dlima,9967705600,2026-04-08T18:01:07,2027-05-10T23:59:59.999,2026-04-08,ACTIVE,Play Plus,ANNUALLY,8500.0,,Mumbai,38
3dd4bb25-a7ed-45a7-85cf-ce5b37e2afe2,UR221640,karishma bhansali,9819694568,2026-04-07T19:58:28,2026-10-11T23:59:59.999,2026-04-07,ACTIVE,Play Plus,QUARTERLY,2900.0,HTELEFANT2026,Mumbai,14
3ddddb70-5760-4236-bec8-2dd27bb79c45,UR65360,Janani Muruganandham,8072040787,2026-04-03T21:14:23.277,2027-04-10T23:59:59.999,2026-04-03,ACTIVE,Play Plus,ANNUALLY,8000.0,,Others,7
35a40b9a-f128-480f-b40d-297099d1005f,UR219612,,9723372767,2026-03-29T14:51:56.332,2027-03-29T14:51:56,2026-03-29,ACTIVE,Play Plus,ANNUALLY,9000.0,,Others,2
c86b532a-5ce7-460f-9bae-edfb76e8d74e,UR215546,Anusha Sivakumar,9941332096,2026-03-26T19:28:35.94,2027-04-16T23:59:59.999,2026-03-26,ACTIVE,Play Plus,ANNUALLY,7500.0,,Others,18
a00a4126-802e-46d2-a2af-5017ad0589d9,UR879,Jasmine Gorde,9004512181,2026-03-24T18:11:04.021,2027-03-24T18:11:04,2026-03-24,ACTIVE,Play Plus,ANNUALLY,8000.0,,Mumbai,35
cab5073c-af08-4719-935d-a56cf2d90895,UR42488,Sachin Kesharwani,9769687171,2026-03-24T12:17:20.366,2027-03-24T12:17:20,2026-03-24,ACTIVE,Play Plus,ANNUALLY,8000.0,,Mumbai,41
a4494cec-dad9-4436-9f9b-ef0b20fa57ff,UR68297,Urmila Arjun,9840148960,2026-03-18T10:36:53.215,2027-03-18T10:36:53,2026-03-18,ACTIVE,Play Plus,ANNUALLY,8000.0,,Bengaluru,14
556b24f7-cad3-47f7-837b-7f6acc366633,UR215578,,9550911776,2026-03-16T23:21:50.884,2027-03-16T23:21:50,2026-03-16,ACTIVE,Play Plus,ANNUALLY,8500.0,,Mumbai,5
7d6c00c1-cbc3-44c7-867f-669f38911016,UR40864,ankita dube,9571101987,2026-03-10T14:14:05.803,2027-03-10T14:14:05,2026-03-10,ACTIVE,Play Plus,ANNUALLY,8500.0,,Others,38
7eb7c844-ba5f-49f4-8aa9-1702d84d83b3,UR2009,Sneha Toshniwal,9826888961,2026-02-25T23:48:33.873,2027-05-02T23:59:59.999,2026-02-25,ACTIVE,Play Plus,ANNUALLY,7000.0,,Others,84
229825aa-b448-46d7-a13c-32a5abbe925e,UR203199,abc bcd,9265798591,2026-02-23T18:46:45.397,2027-04-30T23:59:59.999,2026-02-24,ACTIVE,Play Plus,MONTHLY,999.0,,Others,1
56202d37-28fc-408d-ac76-7fa912c4049f,UR5938,Saloni Parekh,9422857014,2026-02-24T17:08:49.976,2027-02-24T17:08:49,2026-02-24,ACTIVE,Play Plus,ANNUALLY,8000.0,,Others,40
e406a6ea-4caf-4f5a-96ec-caa60066d3cb,UR62127,Supraja Alavala,8800890865,2026-02-20T17:48:34.09,2027-02-20T17:48:34,2026-02-20,ACTIVE,Play Plus,ANNUALLY,10000.0,,Bengaluru,82
d254091c-8b79-4f0a-8e4d-b638c5edd4a4,UR1889,tanisha aggarwal,8822888333,2026-02-19T15:15:48.965,2027-03-19T23:59:59.999,2026-02-19,ACTIVE,Play Plus,ANNUALLY,9000.0,,Delhi NCR,74
74552690-5dda-4cf3-b479-8eee4b485287,UR210194,,8200474440,2026-02-16T10:24:57.978,2027-03-31T23:59:59.999,2026-02-19,ACTIVE,Play Plus,ANNUALLY,11988.0,,Others,3
1f9a0b6e-0fbe-4a29-8391-f9d9f7c1ffc0,UR207191,saba munshi,9260293564,2026-02-17T15:25:06,2027-02-17T15:25:06,2026-02-17,ACTIVE,Play Plus,ANNUALLY,9667.0,SPECIAL40,Mumbai,3
6df976bd-6b46-4d36-b746-9158d48f3e58,UR209858,Bharati Parmar,8591153161,2026-02-16T18:18:04.812,2027-02-16T18:18:04,2026-02-16,ACTIVE,Play Plus,ANNUALLY,11988.0,,Mumbai,1
ddb0b550-4521-4eac-a304-787d3eaa2d83,UR209456,,7304874385,2026-02-16T18:16:18.994,2027-02-16T18:16:18,2026-02-16,ACTIVE,Play Plus,ANNUALLY,11988.0,,Mumbai,26
2935704f-7608-4ce2-a23f-12ea294b6245,UR209432,,9313076058,2026-02-16T18:14:01.323,2027-02-16T18:14:01,2026-02-16,ACTIVE,Play Plus,ANNUALLY,11988.0,,Ahmedabad,17
0840a580-2f41-4025-8e04-348982927961,UR208776,,9892711886,2026-02-16T18:12:18.388,2027-02-16T18:12:18,2026-02-16,ACTIVE,Play Plus,ANNUALLY,11988.0,,Mumbai,3
0b26298f-82fa-41c1-ae75-28fc66e6b99d,UR209057,,9023769889,2026-02-16T18:01:04.975,2027-03-31T23:59:59.999,2026-02-16,ACTIVE,Play Plus,ANNUALLY,11988.0,,Others,18
88daf363-03ef-4552-877a-5373c1e3b7dc,UR47631,Leena Pote,9870170224,2026-02-16T16:19:11.003,2027-03-31T23:59:00,2026-02-16,ACTIVE,Play Plus,ANNUALLY,9000.0,,Mumbai,18
eb64e4ca-6f58-488f-9068-8d1d3b6ba87e,UR5004,SARITA DALAVI,8788496093,2026-02-14T19:23:13.741,2027-03-14T23:59:59.999,2026-02-14,ACTIVE,Play Plus,ANNUALLY,9000.0,,Pune,53
7352035d-36b1-4fa6-99fc-b95707df3edf,UR193147,sonal karania,9833644101,2026-02-13T15:17:52,2027-02-13T15:17:52,2026-02-13,ACTIVE,Play Plus,ANNUALLY,9000.0,,Mumbai,19
c940acd0-74e8-4c09-9573-936250fa94cb,UR209200,Tapovan Vidhyalay Jamnagar,9428817455,2026-02-01T13:37:16.035,2027-03-31T23:59:59.999,2026-02-13,ACTIVE,Play Plus,ANNUALLY,11988.0,,Ahmedabad,8
b51a0625-77f1-4086-b61a-3e2b0579849a,UR44403,charu agarwal,9986059663,2026-02-11T21:02:50.666,2027-02-11T21:02:50,2026-02-11,ACTIVE,Play Plus,ANNUALLY,8000.0,,Bengaluru,52
b918ccad-9623-4905-a4dc-767eb897d7ee,UR8317,Aruna Ajay,9841408421,2026-02-05T20:18:41.785,2027-02-05T20:18:41,2026-02-05,ACTIVE,Play Plus,ANNUALLY,9000.0,,Others,58
04edfb90-c97a-4ed9-8b87-85de9de957dd,UR205684,Preksha Bhansali,9953899408,2026-02-01T17:01:31.714,2027-02-01T17:01:31,2026-02-01,ACTIVE,Play Plus,ANNUALLY,8000.0,,Delhi NCR,3
5b6f98f7-ba0b-4218-9c9f-e62d586c2985,UR205776,gunjan doshi,9376320004,2026-01-31T21:21:36,2027-01-31T21:21:36,2026-01-31,ACTIVE,Play Plus,ANNUALLY,9667.0,SHARK40,Ahmedabad,20
53ac4978-202b-4156-9498-d2ee75394577,UR205273,dhwani prajapati,9978686931,2026-01-31T18:36:02.597,2027-01-31T18:36:02,2026-01-31,ACTIVE,Play Plus,ANNUALLY,7000.0,,Ahmedabad,20
b262a6ba-69ed-4a8c-b23a-a5c77f47a31e,UR205655,,9550245565,2026-01-31T16:11:26.643,2027-01-31T16:11:26,2026-01-31,ACTIVE,Play Plus,ANNUALLY,7500.0,,Others,6
d73df323-eecc-4431-abec-b6144787ff62,UR40400,manusha keerthu maddi,8977137197,2026-01-26T23:49:40.207,2027-01-26T23:49:40,2026-01-26,ACTIVE,Play Plus,ANNUALLY,7000.0,,Others,30
aca5049c-9f06-4ece-89dc-ace1ce3ea9fb,UR130014,Sanjana Meher,9967952611,2026-01-26T18:40:07,2027-01-26T18:40:07,2026-01-26,ACTIVE,Play Plus,ANNUALLY,9667.0,SPECIAL40,Others,17
ce827fb4-3e5a-48fd-9b6f-c05662310596,UR20434,akanksha bajari,9823029392,2026-01-24T14:00:09,2027-01-24T14:00:09,2026-01-24,ACTIVE,Play Plus,ANNUALLY,9000.0,,Mumbai,29
a1fd8c4f-ece1-4495-a3cb-458b9886b92f,UR30156,arthi mukesh,9176971001,2026-01-23T15:21:00.709,2027-02-23T23:59:59.999,2026-01-23,ACTIVE,Play Plus,ANNUALLY,9000.0,,Others,42
302e6520-daad-4677-b567-a24652080f63,UR24923,Rini Sharon,9489989266,2026-01-22T11:18:41.107,2026-11-23T23:59:59.999,2026-01-22,ACTIVE,Play Plus,ANNUALLY,6500.0,,Others,176
36d53061-de7c-4ce8-9924-e2d54b26326c,UR27471,Udit Mishra,9886605789,2026-01-12T16:15:47.673,2027-02-12T23:59:59.999,2026-01-12,ACTIVE,Play Plus,ANNUALLY,9000.0,,Delhi NCR,52
72a0823d-c1e9-438d-9322-9852574d97c1,UR45781,Khusbu Gada,8976496153,2026-01-12T15:06:43.644,2027-01-12T15:06:43,2026-01-12,ACTIVE,Play Plus,ANNUALLY,9000.0,,Mumbai,11
c07c05ab-6dab-436c-83c8-c0731f292be9,UR24416,Monisha Jagadeeswaran,8610869287,2026-01-11T17:51:40,2027-01-11T17:51:40,2026-01-11,ACTIVE,Play Plus,ANNUALLY,9000.0,,Others,4
c2c53fa2-846a-470a-a0b5-20c0c68bf059,UR160736,khushbu ,8804220422,2026-01-09T13:28:57.816,2027-01-09T13:28:57,2026-01-09,ACTIVE,Play Plus,ANNUALLY,9000.0,,Ahmedabad,38
77dd49de-c799-49ea-afe9-e41079f6b032,UR40999,Ankur Sood,9041301671,2026-01-06T11:43:09.314,2027-01-15T23:59:59.999,2026-01-06,ACTIVE,Play Plus,ANNUALLY,8575.0,,Others,121
dfd9f812-56db-427d-88f0-cd4ab11e19a6,UR35098,Shivram Viswanathan,9444359799,2026-01-05T15:28:25.365,2027-01-05T15:28:25,2026-01-05,ACTIVE,Play Plus,ANNUALLY,10000.0,,Others,27
53882c02-8a5a-403c-8dd4-2bf092c3a846,UR14030,Forum Sharma,9892891410,2025-10-25T15:43:53.001,2026-10-25T15:43:53,2026-01-03,ACTIVE,Play Plus,ANNUALLY,7000.0,,Mumbai,25
06a2cfdd-56fe-417e-ad50-8742bf2b5d43,UR202728,,8828420081,2026-01-03T13:09:18.809,2027-02-03T23:59:59.999,2026-01-03,ACTIVE,Play Plus,ANNUALLY,9000.0,,Mumbai,28
efacf321-f7b6-4539-a0e0-8034018c2eaf,UR9386,Murugappan Ramanathan,9677210016,2025-12-31T11:04:58.613,2027-01-31T23:59:59.999,2025-12-31,ACTIVE,Play Plus,ANNUALLY,8000.0,,Bengaluru,35
0a73f77c-cadd-490f-ad85-a02be8e48ad2,UR42129,Shriyan Naveen,9844643040,2025-12-29T18:27:05.783,2026-12-29T18:27:05,2025-12-29,ACTIVE,Play Plus,ANNUALLY,7500.0,,Bengaluru,82
0a36e517-b9bf-4670-b001-b25e5db35169,UR35074,Yash Shah,8141488952,2025-12-29T14:36:20.181,2027-01-29T23:59:59.999,2025-12-29,ACTIVE,Play Plus,ANNUALLY,7000.0,,Ahmedabad,72
8a4b4752-6601-4695-b0f7-32c4daab379b,UR42599,Nilesh Nalamwar,9768525455,2025-12-27T16:19:38.146,2027-01-27T23:59:59.999,2025-12-27,ACTIVE,Play Plus,ANNUALLY,7000.0,,Mumbai,47
673807e4-1618-48e6-a94e-4cc5f883b98a,UR42417,Khushboo Jain,9782327230,2025-12-24T18:30:21.407,2026-12-24T18:30:21,2025-12-24,ACTIVE,Play Plus,ANNUALLY,8000.0,,Others,31
21814456-91bd-4bf7-9725-eb53e6fd505b,UR202058,Chetna ,7722926130,2025-12-21T20:19:43,2027-01-21T23:59:59.999,2025-12-21,ACTIVE,Play Plus,ANNUALLY,9000.0,,Ahmedabad,24
23158c87-d6e6-452d-aecb-b568dc96423e,UR42872,sonam dugar,9829178783,2025-12-20T15:16:50.62,2026-12-24T23:59:59.999,2025-12-20,ACTIVE,Play Plus,ANNUALLY,8500.0,,Others,27
d2eae98e-4f83-47e7-9175-9baab8c403f7,UR42403,Rahul Khanchandani,9461122119,2025-12-19T17:51:33.518,2026-12-19T17:51:33,2025-12-19,ACTIVE,Play Plus,ANNUALLY,7000.0,,Others,26
0e044dfb-ff3f-4ccb-8c47-cdf12e396ec2,UR39553,Bhavna Kulkarni,9850814306,2025-12-18T15:54:27.768,2026-12-31T23:59:59.999,2025-12-18,ACTIVE,Play Plus,ANNUALLY,7000.0,,Pune,73
26fab2e2-9b8c-4c98-9976-4d5cdf347d40,UR39303,shivali vansdawala,9099737770,2025-12-17T17:20:06.674,2026-12-21T23:59:59.999,2025-12-17,ACTIVE,Play Plus,ANNUALLY,8000.0,,Others,32
8b96bbef-fa1c-4221-a5e7-61d688c463bf,UR195406,Kshama Mehta,9769733609,2025-12-17T17:09:21.209,2026-12-17T17:09:21,2025-12-17,ACTIVE,Play Plus,ANNUALLY,8000.0,,Mumbai,15
89096e82-0477-4770-bf77-ae8a8f4572e8,UR29721,Niriksha Duggad,9739255150,2025-12-15T14:46:16.045,2027-01-10T23:59:59.999,2025-12-15,ACTIVE,Play Plus,ANNUALLY,7000.0,,Mumbai,26
7d105d35-dbdd-41eb-a8bb-9d3ae5d8d2bc,UR201654,rachhana Shahh,9833767693,2025-12-14T23:44:49.669,2026-12-14T23:44:49,2025-12-14,ACTIVE,Play Plus,ANNUALLY,7000.0,,Pune,40
851a4a86-182f-4f7c-acd7-4783c390590b,UR201584,hello ,9664219494,2025-12-13T01:26:22.143,2027-01-13T23:59:59.999,2025-12-14,ACTIVE,Play Plus,ANNUALLY,7000.0,,Mumbai,40
1814cfc9-d7c3-4741-b76a-f2c4e9b5d265,UR40095,Anjali Chhabria,9713038262,2025-12-13T18:59:55,2027-02-02T23:59:59.999,2025-12-13,ACTIVE,Play Plus,ANNUALLY,7000.0,,Pune,53
46211b17-51c4-4b82-aeb8-674b22e2bf43,UR40903,Arya Chandran,9645927782,2025-12-11T12:58:29,2026-12-30T23:59:59.999,2025-12-11,ACTIVE,Play Plus,ANNUALLY,9245.0,,Bengaluru,16
842f7a0b-eff2-4766-9a8d-e41f4e57f7ec,UR171233,SANJANA SOLANKI,9029085980,2025-12-11T12:44:43.783,2027-01-22T23:59:59.999,2025-12-11,ACTIVE,Play Plus,ANNUALLY,8000.0,,Mumbai,12
33fe373a-0932-49ce-a32b-50193ecccc54,UR201195,Akshar Chauhan,9998999187,2025-12-08T12:43:03.534,2026-12-08T12:43:03,2025-12-11,ACTIVE,Play Plus,ANNUALLY,8000.0,,Ahmedabad,5
43becd7d-b04c-47e1-84be-aa15eca2d847,UR100515,shloj Ankam,9611801111,2025-11-30T17:43:12.709,2026-11-30T17:43:12,2025-11-30,ACTIVE,Play Plus,ANNUALLY,7000.0,,Bengaluru,10
8e40eab4-edbd-46ef-9aa2-6dfb33d2aed0,UR38917,Shikha Bhardwaj,9540286897,2025-11-30T17:01:38.908,2026-11-30T17:01:38,2025-11-30,ACTIVE,Play Plus,ANNUALLY,7000.0,,Pune,23
caa95184-e5a8-46eb-b582-1ed5dd7ad87d,UR199111,Hemalatha Arunagiri,7045806305,2025-11-30T14:47:28.343,2026-12-30T23:59:59.999,2025-11-30,ACTIVE,Play Plus,ANNUALLY,8000.0,,Bengaluru,16
9f28c56b-d86d-40e0-b552-3bac07fcaf66,UR193100,Jasmina ,8238822279,2025-11-28T13:17:03.14,2026-11-28T13:17:03,2025-11-28,ACTIVE,Play Plus,ANNUALLY,7000.0,,Others,59
43d4b7c7-c065-4f58-8178-d234cc121af1,UR129061,Mangesh Joshi,8087595067,2025-11-27T22:21:24,2026-11-27T22:21:24,2025-11-27,ACTIVE,Play Plus,ANNUALLY,10379.0,TOYSUNLIMITEDOLD,Pune,54
aae9c364-2113-4f6d-b2a2-3888be54fcb6,UR197927,ashvin kumar,9746205893,2025-11-26T19:58:58.399,2026-11-26T19:58:58,2025-11-26,ACTIVE,Play Plus,ANNUALLY,8500.0,,Others,5
82ac51ed-d6b4-4e98-bd62-ae60e8517daa,UR37157,Sinthasha Pakkir,9769925497,2025-11-25T18:50:21.132,2026-12-25T23:59:59.999,2025-11-25,ACTIVE,Play Plus,ANNUALLY,7000.0,,Others,49
724e38fd-cce4-4d00-a8c9-26e0d6471f29,UR195224,Sonal Mathpati,9820561470,2025-11-23T13:45:46,2026-11-23T13:45:46,2025-11-23,ACTIVE,Play Plus,ANNUALLY,7429.0,SURPRISEME35,Mumbai,27
09bdd68d-b35c-4b7b-885a-d4da5a850f6d,UR196805,Sagar Kataria,9910713268,2025-11-22T10:27:20.653,2026-11-22T10:27:20,2025-11-22,ACTIVE,Play Plus,ANNUALLY,8500.0,,Bengaluru,20
d14f0eb8-ae64-4978-8193-50305eca089a,UR4992,Aashima Jain,9971740906,2025-11-21T18:15:48.287,2026-11-21T18:15:48,2025-11-21,ACTIVE,Play Plus,ANNUALLY,8000.0,,Mumbai,16
8d17b6ea-cfd7-42d2-adde-3a6daa85a967,UR43255,yash gandhi,8000445841,2025-11-21T13:39:14.402,2026-12-21T23:59:59.999,2025-11-21,ACTIVE,Play Plus,ANNUALLY,8796.0,,Ahmedabad,24
f20c0adc-4ad7-4baa-870a-4b72507c10b1,UR37264,Dhaval Suthar,7567863563,2025-11-19T21:53:35.999,2026-11-19T21:53:35,2025-11-19,ACTIVE,Play Plus,ANNUALLY,7000.0,,Bengaluru,23
3db62a86-f762-49aa-a328-3f1ad05aff9f,UR37150,Puja Sahu,8097694215,2025-11-19T21:52:45.319,2026-11-19T21:52:45,2025-11-19,ACTIVE,Play Plus,ANNUALLY,8000.0,,Bengaluru,15
6d2ff1c4-7f58-43ee-a25a-61ad7207763d,UR196921,,9930013979,2025-11-19T13:20:28.538,2026-11-19T13:20:28,2025-11-19,ACTIVE,Play Plus,ANNUALLY,8000.0,,Mumbai,7
f923ea87-9d02-4684-a8c6-b9577c028ece,UR196798,,9422210128,2025-10-12T22:39:25.308,2026-10-12T22:39:25,2025-11-17,ACTIVE,Play Plus,ANNUALLY,8000.0,,Pune,2
5fa4f243-5dec-41d8-be8c-743b36dd449a,UR26252,Shwetha Anikethana,9686951355,2025-11-16T11:06:28.264,2026-12-16T23:59:59.999,2025-11-16,ACTIVE,Play Plus,ANNUALLY,8000.0,,Bengaluru,31
24270c7c-29c9-458c-8704-b980365472ca,UR4734,Mridula ,9632786248,2025-11-13T20:08:33.288,2027-01-12T23:59:59.999,2025-11-13,ACTIVE,Play Plus,ANNUALLY,8000.0,,Bengaluru,23
599c23e0-eca4-4e00-9b77-7567b8f88192,UR159139,Yogitha Sri,8754769545,2025-11-13T15:36:24,2026-11-13T15:36:24,2025-11-13,ACTIVE,Play Plus,ANNUALLY,8964.0,HALLOWEEN25,Bengaluru,14
c4dbbbab-9802-4290-add6-f75a8a30f57f,UR180524,Manisha Vaghmare,9769064892,2025-11-12T16:54:49.889,2026-11-12T16:54:49,2025-11-12,ACTIVE,Play Plus,ANNUALLY,8000.0,,Mumbai,0
a6f17dfd-5925-4604-aa2d-1de537d18cde,UR194538,,9833748783,2025-11-09T19:20:04.586,2026-11-09T19:20:04,2025-11-09,ACTIVE,Play Plus,ANNUALLY,7000.0,,Mumbai,10
947cd8ea-851b-4448-bc78-070ff0afa9e2,UR712,Ankit Gandhi,9769040485,2025-11-09T19:13:32.446,2026-11-09T19:13:32,2025-11-09,ACTIVE,Play Plus,ANNUALLY,7000.0,,Mumbai,13
58c48e7c-afec-4e0d-a9c1-9614c5932b29,UR194428,Yogesh More,9004640779,2025-11-09T11:47:09.665,2026-11-09T11:47:09,2025-11-09,ACTIVE,Play Plus,ANNUALLY,7000.0,,Mumbai,23
18fca6ad-924d-4ff2-9c33-e66cc817cae6,UR194239,Narendra Tadpatrikar,9689881106,2025-11-08T16:20:00,2026-11-08T16:20:00,2025-11-08,ACTIVE,Play Plus,ANNUALLY,9910.91,TOYSUNLIMITEDOLD,Pune,11
d47a6063-6a35-4527-b7d6-e62e70f02f84,UR34802,priyalakshmi karthik karthik,9600059944,2025-11-06T00:40:28.054,2026-11-06T00:40:28,2025-11-07,ACTIVE,Play Plus,ANNUALLY,7000.0,,Others,49
d08f9280-1b94-446b-a7fd-7df62882a969,UR31557,eliza rungta,8080663646,2025-11-06T00:39:08.499,2026-11-06T00:39:08,2025-11-07,ACTIVE,Play Plus,ANNUALLY,7000.0,,Delhi NCR,59
c98c4d4f-56ec-4f94-9724-aca5d7a1ab82,UR193475,Pooja Bhati,9251254520,2025-11-05T16:37:03.241,2026-11-05T16:37:03,2025-11-05,ACTIVE,Play Plus,ANNUALLY,8000.0,,Others,30
8b4569e2-4543-481b-8db9-9da72aad171e,UR193445,Reema Menon,9321597758,2025-11-05T14:02:22,2026-11-20T14:02:00,2025-11-05,ACTIVE,Play Plus,ANNUALLY,9200.0,TOYSUNLIMITEDOLD,Mumbai,32
b04d3cf0-58d1-4642-91f3-c957ce34cdaf,UR25131,Tina Jain,9867623667,2025-11-05T09:53:26,2026-11-05T09:53:26,2025-11-05,ACTIVE,Play Plus,ANNUALLY,8964.0,SHARKTANK,Mumbai,21
561a1c80-8619-4bbf-8135-ff541907e8fc,UR192873,Anupriya Gumber,9503406701,2025-11-02T11:16:52.365,2026-12-10T23:59:59.999,2025-11-03,ACTIVE,Play Plus,ANNUALLY,7500.0,,Pune,38
fa14a4e6-1b87-4da8-ba4a-9ef2f4e921eb,UR192927,Pragyan Kar,9748341531,2025-11-02T23:39:51,2026-11-02T23:39:51,2025-11-02,ACTIVE,Play Plus,ANNUALLY,8964.0,SAVE25,Others,25
2c6d8941-060b-4e13-a8bb-6f47ff134ed6,UR36116,EKTA VIRA,8879531101,2025-10-29T21:42:59.536,2026-11-13T23:59:59.999,2025-10-29,ACTIVE,Play Plus,ANNUALLY,7000.0,,Mumbai,30
6ad9b281-62ce-4417-96c2-d72e09bd5cc7,UR52072,Haripriya Gupta,8328514540,2025-10-27T22:54:30,2026-10-27T22:54:30,2025-10-27,ACTIVE,Play Plus,ANNUALLY,8964.0,SAVE25,Bengaluru,35
fa14e842-e3b4-4cd8-8301-508800c931b9,UR28979,Rupali Surve,9167737170,2025-10-27T10:46:11.267,2026-10-27T10:46:11,2025-10-27,ACTIVE,Play Plus,ANNUALLY,7000.0,,Mumbai,57
6d874e7f-3491-4729-8510-54dc346bf0ab,UR32571,Aniruddha Meher,9323838686,2025-10-26T20:24:07.607,2026-11-26T23:59:59.999,2025-10-26,ACTIVE,Play Plus,ANNUALLY,7000.0,,Pune,25
f60d963e-1697-4868-85fa-cf9b8439805c,UR22938,Alok Kumar,9652731972,2025-10-26T20:20:14.693,2027-01-26T23:59:59.999,2025-10-26,ACTIVE,Play Plus,ANNUALLY,7000.0,,Others,19
c8848d8b-3ba7-4508-a71f-3687c98e3545,UR188764,queena shah,9821637988,2025-10-23T15:10:34.029,2026-10-23T15:10:34,2025-10-23,ACTIVE,Play Plus,ANNUALLY,8000.0,,Mumbai,33
